{
  "name": "asch-dapp-helloworld",
  "link": "https://github.com/a1300/asch-dapp-helloworld/archive/master.zip",
  "category": 1,
  "description": "A hello world demo for asch dapp",
  "tags": "asch,dapp,demo",
  "icon": "http://o7dyh3w0x.bkt.clouddn.com/hello.png",
  "type": 0,
  "delegates": [
    "db18d5799944030f76b6ce0879b1ca4b0c2c1cee51f53ce9b43f78259950c2fd",
    "590e28d2964b0aa4d7c7b98faee4676d467606c6761f7f41f99c52bb4813b5e4",
    "bfe511158d674c3a1e21111223a49770bee93611d998e88a5d2ea3145de2b68b",
    "7bbf62931cf3c596591a580212631aff51d6bc0577c54769953caadb23f6ab00",
    "452df9213aedb3b9fed6db3e2ea9f49d3db226e2dac01828bc3dcd73b7a953b4"
  ],
  "unlockDelegates": 3
}
